"~id","~start_node_id","~end_node_id","~relationship_type","quantity"
"5:73fde369-9719-4976-8fd0-6750fca3ad14:1152921504606846976","4:73fde369-9719-4976-8fd0-6750fca3ad14:0","4:73fde369-9719-4976-8fd0-6750fca3ad14:486","purchased",
"5:73fde369-9719-4976-8fd0-6750fca3ad14:1152922604118475238","4:73fde369-9719-4976-8fd0-6750fca3ad14:486","4:73fde369-9719-4976-8fd0-6750fca3ad14:948","orders",15
"5:73fde369-9719-4976-8fd0-6750fca3ad14:1152922604118474872","4:73fde369-9719-4976-8fd0-6750fca3ad14:120","4:73fde369-9719-4976-8fd0-6750fca3ad14:948","orders",20
"5:73fde369-9719-4976-8fd0-6750fca3ad14:1152921504606847027","4:73fde369-9719-4976-8fd0-6750fca3ad14:51","4:73fde369-9719-4976-8fd0-6750fca3ad14:120","purchased",
"5:73fde369-9719-4976-8fd0-6750fca3ad14:1155174403932160120","4:73fde369-9719-4976-8fd0-6750fca3ad14:120","4:73fde369-9719-4976-8fd0-6750fca3ad14:982","orders",12
"5:73fde369-9719-4976-8fd0-6750fca3ad14:1155174403932160145","4:73fde369-9719-4976-8fd0-6750fca3ad14:145","4:73fde369-9719-4976-8fd0-6750fca3ad14:948","orders",28
"5:73fde369-9719-4976-8fd0-6750fca3ad14:1155173304420532299","4:73fde369-9719-4976-8fd0-6750fca3ad14:75","4:73fde369-9719-4976-8fd0-6750fca3ad14:145","purchased",
"5:73fde369-9719-4976-8fd0-6750fca3ad14:1152922604118474897","4:73fde369-9719-4976-8fd0-6750fca3ad14:145","4:73fde369-9719-4976-8fd0-6750fca3ad14:937","orders",40
"5:73fde369-9719-4976-8fd0-6750fca3ad14:1157426203745845393","4:73fde369-9719-4976-8fd0-6750fca3ad14:145","4:73fde369-9719-4976-8fd0-6750fca3ad14:963","orders",12
"5:73fde369-9719-4976-8fd0-6750fca3ad14:1152921504606847060","4:73fde369-9719-4976-8fd0-6750fca3ad14:84","4:73fde369-9719-4976-8fd0-6750fca3ad14:91","purchased",
"5:73fde369-9719-4976-8fd0-6750fca3ad14:1155173304420532308","4:73fde369-9719-4976-8fd0-6750fca3ad14:84","4:73fde369-9719-4976-8fd0-6750fca3ad14:117","purchased",
"5:73fde369-9719-4976-8fd0-6750fca3ad14:1152922604118474869","4:73fde369-9719-4976-8fd0-6750fca3ad14:117","4:73fde369-9719-4976-8fd0-6750fca3ad14:991","orders",20
"5:73fde369-9719-4976-8fd0-6750fca3ad14:1157426203745845395","4:73fde369-9719-4976-8fd0-6750fca3ad14:147","4:73fde369-9719-4976-8fd0-6750fca3ad14:991","orders",2
"5:73fde369-9719-4976-8fd0-6750fca3ad14:1161929803373215896","4:73fde369-9719-4976-8fd0-6750fca3ad14:152","4:73fde369-9719-4976-8fd0-6750fca3ad14:991","orders",3
"5:73fde369-9719-4976-8fd0-6750fca3ad14:1152922604118474915","4:73fde369-9719-4976-8fd0-6750fca3ad14:163","4:73fde369-9719-4976-8fd0-6750fca3ad14:991","orders",30
"5:73fde369-9719-4976-8fd0-6750fca3ad14:1157426203745845424","4:73fde369-9719-4976-8fd0-6750fca3ad14:176","4:73fde369-9719-4976-8fd0-6750fca3ad14:991","orders",40
"5:73fde369-9719-4976-8fd0-6750fca3ad14:1155174403932160207","4:73fde369-9719-4976-8fd0-6750fca3ad14:207","4:73fde369-9719-4976-8fd0-6750fca3ad14:991","orders",5
"5:73fde369-9719-4976-8fd0-6750fca3ad14:1155174403932160216","4:73fde369-9719-4976-8fd0-6750fca3ad14:216","4:73fde369-9719-4976-8fd0-6750fca3ad14:991","orders",50
"5:73fde369-9719-4976-8fd0-6750fca3ad14:1152923703630103526","4:73fde369-9719-4976-8fd0-6750fca3ad14:998","4:73fde369-9719-4976-8fd0-6750fca3ad14:921","supplies",
"5:73fde369-9719-4976-8fd0-6750fca3ad14:1152922604118474880","4:73fde369-9719-4976-8fd0-6750fca3ad14:128","4:73fde369-9719-4976-8fd0-6750fca3ad14:921","orders",45
"5:73fde369-9719-4976-8fd0-6750fca3ad14:1155173304420532286","4:73fde369-9719-4976-8fd0-6750fca3ad14:62","4:73fde369-9719-4976-8fd0-6750fca3ad14:128","purchased",
"5:73fde369-9719-4976-8fd0-6750fca3ad14:1152921504606847038","4:73fde369-9719-4976-8fd0-6750fca3ad14:62","4:73fde369-9719-4976-8fd0-6750fca3ad14:116","purchased",
"5:73fde369-9719-4976-8fd0-6750fca3ad14:1157425104234217534","4:73fde369-9719-4976-8fd0-6750fca3ad14:62","4:73fde369-9719-4976-8fd0-6750fca3ad14:129","purchased",
"5:73fde369-9719-4976-8fd0-6750fca3ad14:1159676904047902782","4:73fde369-9719-4976-8fd0-6750fca3ad14:62","4:73fde369-9719-4976-8fd0-6750fca3ad14:156","purchased",
"5:73fde369-9719-4976-8fd0-6750fca3ad14:1161928703861588030","4:73fde369-9719-4976-8fd0-6750fca3ad14:62","4:73fde369-9719-4976-8fd0-6750fca3ad14:188","purchased",
"5:73fde369-9719-4976-8fd0-6750fca3ad14:1164180503675273278","4:73fde369-9719-4976-8fd0-6750fca3ad14:62","4:73fde369-9719-4976-8fd0-6750fca3ad14:204","purchased",
"5:73fde369-9719-4976-8fd0-6750fca3ad14:1166432303488958526","4:73fde369-9719-4976-8fd0-6750fca3ad14:62","4:73fde369-9719-4976-8fd0-6750fca3ad14:261","purchased",
"5:73fde369-9719-4976-8fd0-6750fca3ad14:1152922604118474868","4:73fde369-9719-4976-8fd0-6750fca3ad14:116","4:73fde369-9719-4976-8fd0-6750fca3ad14:930","orders",24
"5:73fde369-9719-4976-8fd0-6750fca3ad14:1155174403932160116","4:73fde369-9719-4976-8fd0-6750fca3ad14:116","4:73fde369-9719-4976-8fd0-6750fca3ad14:951","orders",15
"5:73fde369-9719-4976-8fd0-6750fca3ad14:1157426203745845364","4:73fde369-9719-4976-8fd0-6750fca3ad14:116","4:73fde369-9719-4976-8fd0-6750fca3ad14:953","orders",20
"5:73fde369-9719-4976-8fd0-6750fca3ad14:1159678003559530612","4:73fde369-9719-4976-8fd0-6750fca3ad14:116","4:73fde369-9719-4976-8fd0-6750fca3ad14:960","orders",60
"5:73fde369-9719-4976-8fd0-6750fca3ad14:1161929803373215860","4:73fde369-9719-4976-8fd0-6750fca3ad14:116","4:73fde369-9719-4976-8fd0-6750fca3ad14:996","orders",33
"5:73fde369-9719-4976-8fd0-6750fca3ad14:6917532326175966211","4:73fde369-9719-4976-8fd0-6750fca3ad14:921","4:73fde369-9719-4976-8fd0-6750fca3ad14:1027","part_of",
"5:73fde369-9719-4976-8fd0-6750fca3ad14:1157426203745845368","4:73fde369-9719-4976-8fd0-6750fca3ad14:120","4:73fde369-9719-4976-8fd0-6750fca3ad14:1062","orders",20
"5:73fde369-9719-4976-8fd0-6750fca3ad14:1159678003559530616","4:73fde369-9719-4976-8fd0-6750fca3ad14:120","4:73fde369-9719-4976-8fd0-6750fca3ad14:1096","orders",12
"5:73fde369-9719-4976-8fd0-6750fca3ad14:1164181603186901108","4:73fde369-9719-4976-8fd0-6750fca3ad14:116","4:73fde369-9719-4976-8fd0-6750fca3ad14:1044","orders",24
"5:73fde369-9719-4976-8fd0-6750fca3ad14:1159678003559530624","4:73fde369-9719-4976-8fd0-6750fca3ad14:128","4:73fde369-9719-4976-8fd0-6750fca3ad14:1035","orders",45
"5:73fde369-9719-4976-8fd0-6750fca3ad14:6919784125989651464","4:73fde369-9719-4976-8fd0-6750fca3ad14:937","4:73fde369-9719-4976-8fd0-6750fca3ad14:1032","part_of",
"5:73fde369-9719-4976-8fd0-6750fca3ad14:6922035925803336710","4:73fde369-9719-4976-8fd0-6750fca3ad14:951","4:73fde369-9719-4976-8fd0-6750fca3ad14:1030","part_of",
"5:73fde369-9719-4976-8fd0-6750fca3ad14:6942302124126503939","4:73fde369-9719-4976-8fd0-6750fca3ad14:996","4:73fde369-9719-4976-8fd0-6750fca3ad14:1027","part_of",
"5:73fde369-9719-4976-8fd0-6750fca3ad14:6917532326175966216","4:73fde369-9719-4976-8fd0-6750fca3ad14:929","4:73fde369-9719-4976-8fd0-6750fca3ad14:1032","part_of",
"5:73fde369-9719-4976-8fd0-6750fca3ad14:6922035925803336712","4:73fde369-9719-4976-8fd0-6750fca3ad14:949","4:73fde369-9719-4976-8fd0-6750fca3ad14:1032","part_of",
"5:73fde369-9719-4976-8fd0-6750fca3ad14:6924287725617021960","4:73fde369-9719-4976-8fd0-6750fca3ad14:973","4:73fde369-9719-4976-8fd0-6750fca3ad14:1032","part_of",
"5:73fde369-9719-4976-8fd0-6750fca3ad14:6926539525430707208","4:73fde369-9719-4976-8fd0-6750fca3ad14:974","4:73fde369-9719-4976-8fd0-6750fca3ad14:1032","part_of",
"5:73fde369-9719-4976-8fd0-6750fca3ad14:6928791325244392456","4:73fde369-9719-4976-8fd0-6750fca3ad14:975","4:73fde369-9719-4976-8fd0-6750fca3ad14:1032","part_of",
"5:73fde369-9719-4976-8fd0-6750fca3ad14:1152924803141731347","4:73fde369-9719-4976-8fd0-6750fca3ad14:1043","4:73fde369-9719-4976-8fd0-6750fca3ad14:1032","part_of",
"5:73fde369-9719-4976-8fd0-6750fca3ad14:6931043125058077704","4:73fde369-9719-4976-8fd0-6750fca3ad14:1051","4:73fde369-9719-4976-8fd0-6750fca3ad14:1032","part_of",
"5:73fde369-9719-4976-8fd0-6750fca3ad14:6933294924871762952","4:73fde369-9719-4976-8fd0-6750fca3ad14:1063","4:73fde369-9719-4976-8fd0-6750fca3ad14:1032","part_of",
"5:73fde369-9719-4976-8fd0-6750fca3ad14:6935546724685448200","4:73fde369-9719-4976-8fd0-6750fca3ad14:1087","4:73fde369-9719-4976-8fd0-6750fca3ad14:1032","part_of",
"5:73fde369-9719-4976-8fd0-6750fca3ad14:6937798524499133448","4:73fde369-9719-4976-8fd0-6750fca3ad14:1088","4:73fde369-9719-4976-8fd0-6750fca3ad14:1032","part_of",
"5:73fde369-9719-4976-8fd0-6750fca3ad14:6940050324312818696","4:73fde369-9719-4976-8fd0-6750fca3ad14:1089","4:73fde369-9719-4976-8fd0-6750fca3ad14:1032","part_of",
"5:73fde369-9719-4976-8fd0-6750fca3ad14:1152922604118474848","4:73fde369-9719-4976-8fd0-6750fca3ad14:96","4:73fde369-9719-4976-8fd0-6750fca3ad14:951","orders",20
"5:73fde369-9719-4976-8fd0-6750fca3ad14:1155174403932160115","4:73fde369-9719-4976-8fd0-6750fca3ad14:115","4:73fde369-9719-4976-8fd0-6750fca3ad14:951","orders",40
"5:73fde369-9719-4976-8fd0-6750fca3ad14:1159678003559530664","4:73fde369-9719-4976-8fd0-6750fca3ad14:168","4:73fde369-9719-4976-8fd0-6750fca3ad14:951","orders",4
"5:73fde369-9719-4976-8fd0-6750fca3ad14:1155174403932160178","4:73fde369-9719-4976-8fd0-6750fca3ad14:178","4:73fde369-9719-4976-8fd0-6750fca3ad14:951","orders",25
"5:73fde369-9719-4976-8fd0-6750fca3ad14:1155174403932160185","4:73fde369-9719-4976-8fd0-6750fca3ad14:185","4:73fde369-9719-4976-8fd0-6750fca3ad14:951","orders",56
"5:73fde369-9719-4976-8fd0-6750fca3ad14:1152922604118474951","4:73fde369-9719-4976-8fd0-6750fca3ad14:199","4:73fde369-9719-4976-8fd0-6750fca3ad14:951","orders",30
"5:73fde369-9719-4976-8fd0-6750fca3ad14:1155174403932160202","4:73fde369-9719-4976-8fd0-6750fca3ad14:202","4:73fde369-9719-4976-8fd0-6750fca3ad14:951","orders",70
"5:73fde369-9719-4976-8fd0-6750fca3ad14:1152922604118474958","4:73fde369-9719-4976-8fd0-6750fca3ad14:206","4:73fde369-9719-4976-8fd0-6750fca3ad14:951","orders",20
"5:73fde369-9719-4976-8fd0-6750fca3ad14:1157426203745845454","4:73fde369-9719-4976-8fd0-6750fca3ad14:206","4:73fde369-9719-4976-8fd0-6750fca3ad14:996","orders",12
"5:73fde369-9719-4976-8fd0-6750fca3ad14:1152922604118474969","4:73fde369-9719-4976-8fd0-6750fca3ad14:217","4:73fde369-9719-4976-8fd0-6750fca3ad14:951","orders",30
"5:73fde369-9719-4976-8fd0-6750fca3ad14:1152922604118474971","4:73fde369-9719-4976-8fd0-6750fca3ad14:219","4:73fde369-9719-4976-8fd0-6750fca3ad14:951","orders",42
"5:73fde369-9719-4976-8fd0-6750fca3ad14:1152922604118474985","4:73fde369-9719-4976-8fd0-6750fca3ad14:233","4:73fde369-9719-4976-8fd0-6750fca3ad14:951","orders",60
"5:73fde369-9719-4976-8fd0-6750fca3ad14:1161929803373215980","4:73fde369-9719-4976-8fd0-6750fca3ad14:236","4:73fde369-9719-4976-8fd0-6750fca3ad14:951","orders",32
"5:73fde369-9719-4976-8fd0-6750fca3ad14:1152922604118475018","4:73fde369-9719-4976-8fd0-6750fca3ad14:266","4:73fde369-9719-4976-8fd0-6750fca3ad14:951","orders",14
"5:73fde369-9719-4976-8fd0-6750fca3ad14:1157426203745845537","4:73fde369-9719-4976-8fd0-6750fca3ad14:289","4:73fde369-9719-4976-8fd0-6750fca3ad14:951","orders",3
"5:73fde369-9719-4976-8fd0-6750fca3ad14:1152922604118475070","4:73fde369-9719-4976-8fd0-6750fca3ad14:318","4:73fde369-9719-4976-8fd0-6750fca3ad14:951","orders",35
"5:73fde369-9719-4976-8fd0-6750fca3ad14:1157426203745845566","4:73fde369-9719-4976-8fd0-6750fca3ad14:318","4:73fde369-9719-4976-8fd0-6750fca3ad14:996","orders",42
"5:73fde369-9719-4976-8fd0-6750fca3ad14:1152922604118475091","4:73fde369-9719-4976-8fd0-6750fca3ad14:339","4:73fde369-9719-4976-8fd0-6750fca3ad14:951","orders",20
"5:73fde369-9719-4976-8fd0-6750fca3ad14:1155174403932160379","4:73fde369-9719-4976-8fd0-6750fca3ad14:379","4:73fde369-9719-4976-8fd0-6750fca3ad14:951","orders",20
"5:73fde369-9719-4976-8fd0-6750fca3ad14:1152922604118475132","4:73fde369-9719-4976-8fd0-6750fca3ad14:380","4:73fde369-9719-4976-8fd0-6750fca3ad14:951","orders",30
"5:73fde369-9719-4976-8fd0-6750fca3ad14:1152922604118475144","4:73fde369-9719-4976-8fd0-6750fca3ad14:392","4:73fde369-9719-4976-8fd0-6750fca3ad14:951","orders",55
"5:73fde369-9719-4976-8fd0-6750fca3ad14:1159678003559530892","4:73fde369-9719-4976-8fd0-6750fca3ad14:396","4:73fde369-9719-4976-8fd0-6750fca3ad14:951","orders",30
"5:73fde369-9719-4976-8fd0-6750fca3ad14:1155174403932160407","4:73fde369-9719-4976-8fd0-6750fca3ad14:407","4:73fde369-9719-4976-8fd0-6750fca3ad14:951","orders",6
"5:73fde369-9719-4976-8fd0-6750fca3ad14:1152922604118475162","4:73fde369-9719-4976-8fd0-6750fca3ad14:410","4:73fde369-9719-4976-8fd0-6750fca3ad14:951","orders",60
"5:73fde369-9719-4976-8fd0-6750fca3ad14:1152922604118475164","4:73fde369-9719-4976-8fd0-6750fca3ad14:412","4:73fde369-9719-4976-8fd0-6750fca3ad14:951","orders",35
"5:73fde369-9719-4976-8fd0-6750fca3ad14:1155174403932160412","4:73fde369-9719-4976-8fd0-6750fca3ad14:412","4:73fde369-9719-4976-8fd0-6750fca3ad14:996","orders",30
"5:73fde369-9719-4976-8fd0-6750fca3ad14:1155174403932160419","4:73fde369-9719-4976-8fd0-6750fca3ad14:419","4:73fde369-9719-4976-8fd0-6750fca3ad14:951","orders",20
"5:73fde369-9719-4976-8fd0-6750fca3ad14:1152922604118475179","4:73fde369-9719-4976-8fd0-6750fca3ad14:427","4:73fde369-9719-4976-8fd0-6750fca3ad14:951","orders",50
"5:73fde369-9719-4976-8fd0-6750fca3ad14:1152922604118475254","4:73fde369-9719-4976-8fd0-6750fca3ad14:502","4:73fde369-9719-4976-8fd0-6750fca3ad14:951","orders",20
"5:73fde369-9719-4976-8fd0-6750fca3ad14:1152922604118475263","4:73fde369-9719-4976-8fd0-6750fca3ad14:511","4:73fde369-9719-4976-8fd0-6750fca3ad14:951","orders",8
"5:73fde369-9719-4976-8fd0-6750fca3ad14:1155174403932160523","4:73fde369-9719-4976-8fd0-6750fca3ad14:523","4:73fde369-9719-4976-8fd0-6750fca3ad14:951","orders",20
"5:73fde369-9719-4976-8fd0-6750fca3ad14:1152922604118475300","4:73fde369-9719-4976-8fd0-6750fca3ad14:548","4:73fde369-9719-4976-8fd0-6750fca3ad14:951","orders",20
"5:73fde369-9719-4976-8fd0-6750fca3ad14:1155174403932160565","4:73fde369-9719-4976-8fd0-6750fca3ad14:565","4:73fde369-9719-4976-8fd0-6750fca3ad14:951","orders",50
"5:73fde369-9719-4976-8fd0-6750fca3ad14:1155174403932160573","4:73fde369-9719-4976-8fd0-6750fca3ad14:573","4:73fde369-9719-4976-8fd0-6750fca3ad14:951","orders",3
"5:73fde369-9719-4976-8fd0-6750fca3ad14:1152922604118475342","4:73fde369-9719-4976-8fd0-6750fca3ad14:590","4:73fde369-9719-4976-8fd0-6750fca3ad14:951","orders",8
"5:73fde369-9719-4976-8fd0-6750fca3ad14:1155174403932160611","4:73fde369-9719-4976-8fd0-6750fca3ad14:611","4:73fde369-9719-4976-8fd0-6750fca3ad14:951","orders",50
"5:73fde369-9719-4976-8fd0-6750fca3ad14:1155174403932160616","4:73fde369-9719-4976-8fd0-6750fca3ad14:616","4:73fde369-9719-4976-8fd0-6750fca3ad14:951","orders",70
"5:73fde369-9719-4976-8fd0-6750fca3ad14:1152922604118475369","4:73fde369-9719-4976-8fd0-6750fca3ad14:617","4:73fde369-9719-4976-8fd0-6750fca3ad14:951","orders",2
"5:73fde369-9719-4976-8fd0-6750fca3ad14:1152922604118475371","4:73fde369-9719-4976-8fd0-6750fca3ad14:619","4:73fde369-9719-4976-8fd0-6750fca3ad14:951","orders",16
"5:73fde369-9719-4976-8fd0-6750fca3ad14:1152922604118475377","4:73fde369-9719-4976-8fd0-6750fca3ad14:625","4:73fde369-9719-4976-8fd0-6750fca3ad14:951","orders",1
"5:73fde369-9719-4976-8fd0-6750fca3ad14:1152922604118475378","4:73fde369-9719-4976-8fd0-6750fca3ad14:626","4:73fde369-9719-4976-8fd0-6750fca3ad14:951","orders",10
"5:73fde369-9719-4976-8fd0-6750fca3ad14:1152922604118475407","4:73fde369-9719-4976-8fd0-6750fca3ad14:655","4:73fde369-9719-4976-8fd0-6750fca3ad14:951","orders",16
"5:73fde369-9719-4976-8fd0-6750fca3ad14:1152922604118475421","4:73fde369-9719-4976-8fd0-6750fca3ad14:669","4:73fde369-9719-4976-8fd0-6750fca3ad14:951","orders",35
"5:73fde369-9719-4976-8fd0-6750fca3ad14:1155174403932160676","4:73fde369-9719-4976-8fd0-6750fca3ad14:676","4:73fde369-9719-4976-8fd0-6750fca3ad14:951","orders",9
"5:73fde369-9719-4976-8fd0-6750fca3ad14:1155174403932160698","4:73fde369-9719-4976-8fd0-6750fca3ad14:698","4:73fde369-9719-4976-8fd0-6750fca3ad14:951","orders",14
"5:73fde369-9719-4976-8fd0-6750fca3ad14:1155174403932160729","4:73fde369-9719-4976-8fd0-6750fca3ad14:729","4:73fde369-9719-4976-8fd0-6750fca3ad14:951","orders",35
"5:73fde369-9719-4976-8fd0-6750fca3ad14:1152922604118475536","4:73fde369-9719-4976-8fd0-6750fca3ad14:784","4:73fde369-9719-4976-8fd0-6750fca3ad14:951","orders",44
"5:73fde369-9719-4976-8fd0-6750fca3ad14:1155174403932160788","4:73fde369-9719-4976-8fd0-6750fca3ad14:788","4:73fde369-9719-4976-8fd0-6750fca3ad14:951","orders",10
"5:73fde369-9719-4976-8fd0-6750fca3ad14:1155174403932160796","4:73fde369-9719-4976-8fd0-6750fca3ad14:796","4:73fde369-9719-4976-8fd0-6750fca3ad14:951","orders",50
"5:73fde369-9719-4976-8fd0-6750fca3ad14:1155174403932160797","4:73fde369-9719-4976-8fd0-6750fca3ad14:797","4:73fde369-9719-4976-8fd0-6750fca3ad14:951","orders",25
"5:73fde369-9719-4976-8fd0-6750fca3ad14:1161929803373216566","4:73fde369-9719-4976-8fd0-6750fca3ad14:822","4:73fde369-9719-4976-8fd0-6750fca3ad14:951","orders",24
"5:73fde369-9719-4976-8fd0-6750fca3ad14:1152922604118475611","4:73fde369-9719-4976-8fd0-6750fca3ad14:859","4:73fde369-9719-4976-8fd0-6750fca3ad14:951","orders",15
"5:73fde369-9719-4976-8fd0-6750fca3ad14:1159678003559531409","4:73fde369-9719-4976-8fd0-6750fca3ad14:913","4:73fde369-9719-4976-8fd0-6750fca3ad14:951","orders",20
"5:73fde369-9719-4976-8fd0-6750fca3ad14:1152923703630103539","4:73fde369-9719-4976-8fd0-6750fca3ad14:1011","4:73fde369-9719-4976-8fd0-6750fca3ad14:951","supplies",
"5:73fde369-9719-4976-8fd0-6750fca3ad14:1157426203745845358","4:73fde369-9719-4976-8fd0-6750fca3ad14:110","4:73fde369-9719-4976-8fd0-6750fca3ad14:996","orders",15
"5:73fde369-9719-4976-8fd0-6750fca3ad14:1155174403932160161","4:73fde369-9719-4976-8fd0-6750fca3ad14:161","4:73fde369-9719-4976-8fd0-6750fca3ad14:996","orders",6
"5:73fde369-9719-4976-8fd0-6750fca3ad14:1157426203745845410","4:73fde369-9719-4976-8fd0-6750fca3ad14:162","4:73fde369-9719-4976-8fd0-6750fca3ad14:996","orders",30
"5:73fde369-9719-4976-8fd0-6750fca3ad14:1157426203745845434","4:73fde369-9719-4976-8fd0-6750fca3ad14:186","4:73fde369-9719-4976-8fd0-6750fca3ad14:996","orders",15
"5:73fde369-9719-4976-8fd0-6750fca3ad14:1157426203745845490","4:73fde369-9719-4976-8fd0-6750fca3ad14:242","4:73fde369-9719-4976-8fd0-6750fca3ad14:996","orders",35
"5:73fde369-9719-4976-8fd0-6750fca3ad14:1157426203745845504","4:73fde369-9719-4976-8fd0-6750fca3ad14:256","4:73fde369-9719-4976-8fd0-6750fca3ad14:996","orders",14
"5:73fde369-9719-4976-8fd0-6750fca3ad14:1155174403932160268","4:73fde369-9719-4976-8fd0-6750fca3ad14:268","4:73fde369-9719-4976-8fd0-6750fca3ad14:996","orders",20
"5:73fde369-9719-4976-8fd0-6750fca3ad14:1155174403932160277","4:73fde369-9719-4976-8fd0-6750fca3ad14:277","4:73fde369-9719-4976-8fd0-6750fca3ad14:996","orders",18
"5:73fde369-9719-4976-8fd0-6750fca3ad14:1159678003559530869","4:73fde369-9719-4976-8fd0-6750fca3ad14:373","4:73fde369-9719-4976-8fd0-6750fca3ad14:996","orders",50
"5:73fde369-9719-4976-8fd0-6750fca3ad14:1157426203745845657","4:73fde369-9719-4976-8fd0-6750fca3ad14:409","4:73fde369-9719-4976-8fd0-6750fca3ad14:996","orders",10
"5:73fde369-9719-4976-8fd0-6750fca3ad14:1159678003559530914","4:73fde369-9719-4976-8fd0-6750fca3ad14:418","4:73fde369-9719-4976-8fd0-6750fca3ad14:996","orders",10
"5:73fde369-9719-4976-8fd0-6750fca3ad14:1155174403932160425","4:73fde369-9719-4976-8fd0-6750fca3ad14:425","4:73fde369-9719-4976-8fd0-6750fca3ad14:996","orders",14
"5:73fde369-9719-4976-8fd0-6750fca3ad14:1157426203745845684","4:73fde369-9719-4976-8fd0-6750fca3ad14:436","4:73fde369-9719-4976-8fd0-6750fca3ad14:996","orders",4
"5:73fde369-9719-4976-8fd0-6750fca3ad14:1155174403932160447","4:73fde369-9719-4976-8fd0-6750fca3ad14:447","4:73fde369-9719-4976-8fd0-6750fca3ad14:996","orders",10
"5:73fde369-9719-4976-8fd0-6750fca3ad14:1161929803373216199","4:73fde369-9719-4976-8fd0-6750fca3ad14:455","4:73fde369-9719-4976-8fd0-6750fca3ad14:996","orders",80
"5:73fde369-9719-4976-8fd0-6750fca3ad14:1155174403932160473","4:73fde369-9719-4976-8fd0-6750fca3ad14:473","4:73fde369-9719-4976-8fd0-6750fca3ad14:996","orders",35
"5:73fde369-9719-4976-8fd0-6750fca3ad14:1157426203745845756","4:73fde369-9719-4976-8fd0-6750fca3ad14:508","4:73fde369-9719-4976-8fd0-6750fca3ad14:996","orders",10
"5:73fde369-9719-4976-8fd0-6750fca3ad14:1157426203745845792","4:73fde369-9719-4976-8fd0-6750fca3ad14:544","4:73fde369-9719-4976-8fd0-6750fca3ad14:996","orders",35
"5:73fde369-9719-4976-8fd0-6750fca3ad14:1155174403932160545","4:73fde369-9719-4976-8fd0-6750fca3ad14:545","4:73fde369-9719-4976-8fd0-6750fca3ad14:996","orders",15
"5:73fde369-9719-4976-8fd0-6750fca3ad14:1152922604118475327","4:73fde369-9719-4976-8fd0-6750fca3ad14:575","4:73fde369-9719-4976-8fd0-6750fca3ad14:996","orders",20
"5:73fde369-9719-4976-8fd0-6750fca3ad14:1157426203745845825","4:73fde369-9719-4976-8fd0-6750fca3ad14:577","4:73fde369-9719-4976-8fd0-6750fca3ad14:996","orders",20
"5:73fde369-9719-4976-8fd0-6750fca3ad14:1157426203745845840","4:73fde369-9719-4976-8fd0-6750fca3ad14:592","4:73fde369-9719-4976-8fd0-6750fca3ad14:996","orders",10
"5:73fde369-9719-4976-8fd0-6750fca3ad14:1155174403932160651","4:73fde369-9719-4976-8fd0-6750fca3ad14:651","4:73fde369-9719-4976-8fd0-6750fca3ad14:996","orders",50
"5:73fde369-9719-4976-8fd0-6750fca3ad14:1159678003559531176","4:73fde369-9719-4976-8fd0-6750fca3ad14:680","4:73fde369-9719-4976-8fd0-6750fca3ad14:996","orders",21
"5:73fde369-9719-4976-8fd0-6750fca3ad14:1155174403932160703","4:73fde369-9719-4976-8fd0-6750fca3ad14:703","4:73fde369-9719-4976-8fd0-6750fca3ad14:996","orders",20
"5:73fde369-9719-4976-8fd0-6750fca3ad14:1157426203745845970","4:73fde369-9719-4976-8fd0-6750fca3ad14:722","4:73fde369-9719-4976-8fd0-6750fca3ad14:996","orders",10
"5:73fde369-9719-4976-8fd0-6750fca3ad14:1157426203745846018","4:73fde369-9719-4976-8fd0-6750fca3ad14:770","4:73fde369-9719-4976-8fd0-6750fca3ad14:996","orders",20
"5:73fde369-9719-4976-8fd0-6750fca3ad14:1155174403932160771","4:73fde369-9719-4976-8fd0-6750fca3ad14:771","4:73fde369-9719-4976-8fd0-6750fca3ad14:996","orders",5
"5:73fde369-9719-4976-8fd0-6750fca3ad14:1155174403932160804","4:73fde369-9719-4976-8fd0-6750fca3ad14:804","4:73fde369-9719-4976-8fd0-6750fca3ad14:996","orders",60
"5:73fde369-9719-4976-8fd0-6750fca3ad14:1161929803373216549","4:73fde369-9719-4976-8fd0-6750fca3ad14:805","4:73fde369-9719-4976-8fd0-6750fca3ad14:996","orders",44
"5:73fde369-9719-4976-8fd0-6750fca3ad14:1157426203745846077","4:73fde369-9719-4976-8fd0-6750fca3ad14:829","4:73fde369-9719-4976-8fd0-6750fca3ad14:996","orders",10
"5:73fde369-9719-4976-8fd0-6750fca3ad14:1157426203745846082","4:73fde369-9719-4976-8fd0-6750fca3ad14:834","4:73fde369-9719-4976-8fd0-6750fca3ad14:996","orders",90
"5:73fde369-9719-4976-8fd0-6750fca3ad14:1155174403932160847","4:73fde369-9719-4976-8fd0-6750fca3ad14:847","4:73fde369-9719-4976-8fd0-6750fca3ad14:996","orders",6
"5:73fde369-9719-4976-8fd0-6750fca3ad14:1152922604118475645","4:73fde369-9719-4976-8fd0-6750fca3ad14:893","4:73fde369-9719-4976-8fd0-6750fca3ad14:996","orders",50
"5:73fde369-9719-4976-8fd0-6750fca3ad14:1157426203745846166","4:73fde369-9719-4976-8fd0-6750fca3ad14:918","4:73fde369-9719-4976-8fd0-6750fca3ad14:996","orders",2
"5:73fde369-9719-4976-8fd0-6750fca3ad14:1157427303257474044","4:73fde369-9719-4976-8fd0-6750fca3ad14:1020","4:73fde369-9719-4976-8fd0-6750fca3ad14:996","supplies",